variant,step,train_loss,eval_loss
perft_e_r16,10,2.5131,
perft_e_r16,20,1.3587,
perft_e_r16,30,1.2083,
perft_e_r16,40,1.0588,
perft_e_r16,50,1.0963,
perft_e_r16,60,1.104,
perft_e_r16,70,1.0476,
perft_e_r16,80,1.1475,
perft_e_r16,90,1.1042,
perft_e_r16,100,1.0222,
perft_e_r16,110,1.1091,
perft_e_r16,120,1.0767,
perft_e_r16,130,1.1321,
perft_e_r16,140,1.0762,
perft_e_r16,150,1.1095,
perft_e_r16,160,1.0078,
perft_e_r16,170,1.0906,
perft_e_r16,180,1.1023,
perft_e_r16,190,1.085,
perft_e_r16,200,1.1246,
perft_e_r16,210,1.1116,
perft_e_r16,220,1.0853,
perft_e_r16,230,1.0973,
perft_e_r16,240,1.0827,
perft_e_r16,250,1.0598,
perft_e_r16,260,1.0375,
perft_e_r16,270,1.1076,
perft_e_r16,280,1.1203,
perft_e_r16,290,1.1007,
perft_e_r16,300,1.1486,
perft_e_r16,310,1.1137,
perft_e_r16,320,1.1159,
perft_e_r16,330,1.0725,
perft_e_r16,340,1.1121,
perft_e_r16,350,1.0733,
perft_e_r16,360,1.1375,
perft_e_r16,370,1.0062,
perft_e_r16,380,1.1209,
perft_e_r16,390,1.0822,
perft_e_r16,400,1.1515,
perft_e_r16,410,1.0855,
perft_e_r16,420,1.0921,
perft_e_r16,430,1.1011,
perft_e_r16,440,1.0744,
perft_e_r16,450,1.1058,
perft_e_r16,460,1.1714,
perft_e_r16,470,1.0235,
perft_e_r16,480,1.0701,
perft_e_r16,490,1.0802,
perft_e_r16,500,1.0417,
perft_e_r16,eval,,1.1264680624008179
perft_e_r16,eval,,1.1145392656326294
perft_e_r16,eval,,1.108622431755066
perft_e_r16,eval,,1.09830904006958
perft_e_r16,eval,,1.0886248350143433
perft_e_r32,10,2.6003,
perft_e_r32,20,1.4663,
perft_e_r32,30,1.2245,
perft_e_r32,40,1.0692,
perft_e_r32,50,1.0968,
perft_e_r32,60,1.1036,
perft_e_r32,70,1.0435,
perft_e_r32,80,1.1385,
perft_e_r32,90,1.0982,
perft_e_r32,100,1.0107,
perft_e_r32,110,1.0973,
perft_e_r32,120,1.0794,
perft_e_r32,130,1.126,
perft_e_r32,140,1.066,
perft_e_r32,150,1.0923,
perft_e_r32,160,0.9954,
perft_e_r32,170,1.0736,
perft_e_r32,180,1.0827,
perft_e_r32,190,1.0626,
perft_e_r32,200,1.0968,
perft_e_r32,210,1.0874,
perft_e_r32,220,1.0641,
perft_e_r32,230,1.074,
perft_e_r32,240,1.0557,
perft_e_r32,250,1.04,
perft_e_r32,260,1.0175,
perft_e_r32,270,1.081,
perft_e_r32,280,1.0912,
perft_e_r32,290,1.0804,
perft_e_r32,300,1.1213,
perft_e_r32,310,1.0914,
perft_e_r32,320,1.0945,
perft_e_r32,330,1.051,
perft_e_r32,340,1.08,
perft_e_r32,350,1.0527,
perft_e_r32,360,1.1118,
perft_e_r32,370,0.9879,
perft_e_r32,380,1.0969,
perft_e_r32,390,1.0619,
perft_e_r32,400,1.1226,
perft_e_r32,410,1.0623,
perft_e_r32,420,1.072,
perft_e_r32,430,1.0762,
perft_e_r32,440,1.048,
perft_e_r32,450,1.0841,
perft_e_r32,460,1.1503,
perft_e_r32,470,0.9982,
perft_e_r32,480,1.0518,
perft_e_r32,490,1.0591,
perft_e_r32,500,1.0186,
perft_e_r32,eval,,1.11872136592865
perft_e_r32,eval,,1.098989725112915
perft_e_r32,eval,,1.0878711938858032
perft_e_r32,eval,,1.0792111158370972
perft_e_r32,eval,,1.0718573331832886
perft_e_r8,10,2.4025,
perft_e_r8,20,1.2532,
perft_e_r8,30,1.1897,
perft_e_r8,40,1.0553,
perft_e_r8,50,1.0989,
perft_e_r8,60,1.1059,
perft_e_r8,70,1.0575,
perft_e_r8,80,1.1585,
perft_e_r8,90,1.1215,
perft_e_r8,100,1.0412,
perft_e_r8,110,1.1392,
perft_e_r8,120,1.1198,
perft_e_r8,130,1.1776,
perft_e_r8,140,1.1301,
perft_e_r8,150,1.1664,
perft_e_r8,160,1.0597,
perft_e_r8,170,1.1567,
perft_e_r8,180,1.1525,
perft_e_r8,190,1.1601,
perft_e_r8,200,1.2097,
perft_e_r8,210,1.1856,
perft_e_r8,220,1.174,
perft_e_r8,230,1.1767,
perft_e_r8,240,1.162,
perft_e_r8,250,1.1287,
perft_e_r8,260,1.1079,
perft_e_r8,270,1.1906,
perft_e_r8,280,1.2007,
perft_e_r8,290,1.1737,
perft_e_r8,300,1.2181,
perft_e_r8,310,1.191,
perft_e_r8,320,1.1822,
perft_e_r8,330,1.1344,
perft_e_r8,340,1.1837,
perft_e_r8,350,1.1363,
perft_e_r8,360,1.2043,
perft_e_r8,370,1.0623,
perft_e_r8,380,1.1887,
perft_e_r8,390,1.1368,
perft_e_r8,400,1.2177,
perft_e_r8,410,1.1603,
perft_e_r8,420,1.1461,
perft_e_r8,430,1.1723,
perft_e_r8,440,1.1354,
perft_e_r8,450,1.1679,
perft_e_r8,460,1.2275,
perft_e_r8,470,1.0859,
perft_e_r8,480,1.1116,
perft_e_r8,490,1.1385,
perft_e_r8,500,1.09,
perft_e_r8,eval,,1.1494661569595337
perft_e_r8,eval,,1.1766321659088135
perft_e_r8,eval,,1.1681760549545288
perft_e_r8,eval,,1.1521440744400024
perft_e_r8,eval,,1.1359483003616333
perft_e,10,2.5113,
perft_e,20,1.3626,
perft_e,30,1.2082,
perft_e,40,1.0549,
perft_e,50,1.0968,
perft_e,60,1.1001,
perft_e,70,1.0485,
perft_e,80,1.146,
perft_e,90,1.1027,
perft_e,100,1.02,
perft_e,110,1.1062,
perft_e,120,1.0739,
perft_e,130,1.1341,
perft_e,140,1.0808,
perft_e,150,1.112,
perft_e,160,1.0092,
perft_e,170,1.0911,
perft_e,180,1.0964,
perft_e,190,1.0872,
perft_e,200,1.1234,
perft_e,210,1.1111,
perft_e,220,1.0874,
perft_e,230,1.0943,
perft_e,240,1.0798,
perft_e,250,1.0614,
perft_e,260,1.0374,
perft_e,270,1.1094,
perft_e,280,1.1169,
perft_e,290,1.1021,
perft_e,300,1.146,
perft_e,310,1.1146,
perft_e,320,1.1173,
perft_e,330,1.0719,
perft_e,340,1.1093,
perft_e,350,1.0749,
perft_e,360,1.1391,
perft_e,370,1.0081,
perft_e,380,1.1175,
perft_e,390,1.0814,
perft_e,400,1.1497,
perft_e,410,1.0886,
perft_e,420,1.0937,
perft_e,430,1.1051,
perft_e,440,1.0737,
perft_e,450,1.1051,
perft_e,460,1.1707,
perft_e,470,1.0237,
perft_e,480,1.0686,
perft_e,490,1.0775,
perft_e,500,1.0384,
perft_e,eval,,1.1241451501846313
perft_e,eval,,1.1126374006271362
perft_e,eval,,1.1055569648742676
perft_e,eval,,1.0960090160369873
perft_e,eval,,1.0875532627105713
perft_r_top1of4_r16,10,2.7861,
perft_r_top1of4_r16,20,2.2199,
perft_r_top1of4_r16,30,1.5709,
perft_r_top1of4_r16,40,1.1945,
perft_r_top1of4_r16,50,1.1839,
perft_r_top1of4_r16,60,1.1729,
perft_r_top1of4_r16,70,1.092,
perft_r_top1of4_r16,80,1.1781,
perft_r_top1of4_r16,90,1.1224,
perft_r_top1of4_r16,100,1.0327,
perft_r_top1of4_r16,110,1.1195,
perft_r_top1of4_r16,120,1.086,
perft_r_top1of4_r16,130,1.1486,
perft_r_top1of4_r16,140,1.0922,
perft_r_top1of4_r16,150,1.1068,
perft_r_top1of4_r16,160,1.0158,
perft_r_top1of4_r16,170,1.0874,
perft_r_top1of4_r16,180,1.0997,
perft_r_top1of4_r16,190,1.0773,
perft_r_top1of4_r16,200,1.1178,
perft_r_top1of4_r16,210,1.099,
perft_r_top1of4_r16,220,1.0795,
perft_r_top1of4_r16,230,1.0901,
perft_r_top1of4_r16,240,1.0707,
perft_r_top1of4_r16,250,1.0579,
perft_r_top1of4_r16,260,1.0332,
perft_r_top1of4_r16,270,1.1015,
perft_r_top1of4_r16,280,1.1124,
perft_r_top1of4_r16,290,1.0965,
perft_r_top1of4_r16,300,1.1431,
perft_r_top1of4_r16,310,1.1121,
perft_r_top1of4_r16,320,1.1126,
perft_r_top1of4_r16,330,1.0681,
perft_r_top1of4_r16,340,1.0942,
perft_r_top1of4_r16,350,1.072,
perft_r_top1of4_r16,360,1.1317,
perft_r_top1of4_r16,370,1.0017,
perft_r_top1of4_r16,380,1.1116,
perft_r_top1of4_r16,390,1.0844,
perft_r_top1of4_r16,400,1.1393,
perft_r_top1of4_r16,410,1.076,
perft_r_top1of4_r16,420,1.0901,
perft_r_top1of4_r16,430,1.0964,
perft_r_top1of4_r16,440,1.0652,
perft_r_top1of4_r16,450,1.103,
perft_r_top1of4_r16,460,1.169,
perft_r_top1of4_r16,470,1.0178,
perft_r_top1of4_r16,480,1.0732,
perft_r_top1of4_r16,490,1.0799,
perft_r_top1of4_r16,500,1.0437,
perft_r_top1of4_r16,eval,,1.1436322927474976
perft_r_top1of4_r16,eval,,1.115705966949463
perft_r_top1of4_r16,eval,,1.1054493188858032
perft_r_top1of4_r16,eval,,1.0990804433822632
perft_r_top1of4_r16,eval,,1.0943424701690674
perft_r_top1of4_r32,10,2.8174,
perft_r_top1of4_r32,20,2.3328,
perft_r_top1of4_r32,30,1.7221,
perft_r_top1of4_r32,40,1.2461,
perft_r_top1of4_r32,50,1.2059,
perft_r_top1of4_r32,60,1.1874,
perft_r_top1of4_r32,70,1.1051,
perft_r_top1of4_r32,80,1.1874,
perft_r_top1of4_r32,90,1.1304,
perft_r_top1of4_r32,100,1.0399,
perft_r_top1of4_r32,110,1.1229,
perft_r_top1of4_r32,120,1.0912,
perft_r_top1of4_r32,130,1.141,
perft_r_top1of4_r32,140,1.0842,
perft_r_top1of4_r32,150,1.1077,
perft_r_top1of4_r32,160,1.017,
perft_r_top1of4_r32,170,1.0848,
perft_r_top1of4_r32,180,1.0991,
perft_r_top1of4_r32,190,1.0733,
perft_r_top1of4_r32,200,1.1118,
perft_r_top1of4_r32,210,1.097,
perft_r_top1of4_r32,220,1.0763,
perft_r_top1of4_r32,230,1.085,
perft_r_top1of4_r32,240,1.0622,
perft_r_top1of4_r32,250,1.0561,
perft_r_top1of4_r32,260,1.0299,
perft_r_top1of4_r32,270,1.0961,
perft_r_top1of4_r32,280,1.1036,
perft_r_top1of4_r32,290,1.0906,
perft_r_top1of4_r32,300,1.1353,
perft_r_top1of4_r32,310,1.1051,
perft_r_top1of4_r32,320,1.1092,
perft_r_top1of4_r32,330,1.0646,
perft_r_top1of4_r32,340,1.085,
perft_r_top1of4_r32,350,1.0657,
perft_r_top1of4_r32,360,1.1273,
perft_r_top1of4_r32,370,0.9972,
perft_r_top1of4_r32,380,1.1065,
perft_r_top1of4_r32,390,1.0781,
perft_r_top1of4_r32,400,1.1322,
perft_r_top1of4_r32,410,1.0673,
perft_r_top1of4_r32,420,1.0868,
perft_r_top1of4_r32,430,1.0882,
perft_r_top1of4_r32,440,1.0607,
perft_r_top1of4_r32,450,1.0957,
perft_r_top1of4_r32,460,1.1636,
perft_r_top1of4_r32,470,1.0078,
perft_r_top1of4_r32,480,1.0674,
perft_r_top1of4_r32,490,1.0766,
perft_r_top1of4_r32,500,1.0359,
perft_r_top1of4_r32,eval,,1.1498390436172485
perft_r_top1of4_r32,eval,,1.1154206991195679
perft_r_top1of4_r32,eval,,1.1025166511535645
perft_r_top1of4_r32,eval,,1.0947250127792358
perft_r_top1of4_r32,eval,,1.0911173820495605
perft_r_top1of4_r8,10,2.7446,
perft_r_top1of4_r8,20,2.0472,
perft_r_top1of4_r8,30,1.4348,
perft_r_top1of4_r8,40,1.1887,
perft_r_top1of4_r8,50,1.1695,
perft_r_top1of4_r8,60,1.1636,
perft_r_top1of4_r8,70,1.0951,
perft_r_top1of4_r8,80,1.1824,
perft_r_top1of4_r8,90,1.1249,
perft_r_top1of4_r8,100,1.0414,
perft_r_top1of4_r8,110,1.1256,
perft_r_top1of4_r8,120,1.0937,
perft_r_top1of4_r8,130,1.1528,
perft_r_top1of4_r8,140,1.1014,
perft_r_top1of4_r8,150,1.1239,
perft_r_top1of4_r8,160,1.0275,
perft_r_top1of4_r8,170,1.1054,
perft_r_top1of4_r8,180,1.1165,
perft_r_top1of4_r8,190,1.0993,
perft_r_top1of4_r8,200,1.146,
perft_r_top1of4_r8,210,1.1301,
perft_r_top1of4_r8,220,1.1061,
perft_r_top1of4_r8,230,1.1088,
perft_r_top1of4_r8,240,1.0989,
perft_r_top1of4_r8,250,1.0788,
perft_r_top1of4_r8,260,1.0574,
perft_r_top1of4_r8,270,1.1293,
perft_r_top1of4_r8,280,1.1352,
perft_r_top1of4_r8,290,1.119,
perft_r_top1of4_r8,300,1.1708,
perft_r_top1of4_r8,310,1.1358,
perft_r_top1of4_r8,320,1.139,
perft_r_top1of4_r8,330,1.0901,
perft_r_top1of4_r8,340,1.1244,
perft_r_top1of4_r8,350,1.0925,
perft_r_top1of4_r8,360,1.159,
perft_r_top1of4_r8,370,1.0229,
perft_r_top1of4_r8,380,1.1356,
perft_r_top1of4_r8,390,1.0981,
perft_r_top1of4_r8,400,1.1654,
perft_r_top1of4_r8,410,1.1022,
perft_r_top1of4_r8,420,1.1129,
perft_r_top1of4_r8,430,1.1216,
perft_r_top1of4_r8,440,1.0932,
perft_r_top1of4_r8,450,1.1288,
perft_r_top1of4_r8,460,1.19,
perft_r_top1of4_r8,470,1.0399,
perft_r_top1of4_r8,480,1.0876,
perft_r_top1of4_r8,490,1.0991,
perft_r_top1of4_r8,500,1.0646,
perft_r_top1of4_r8,eval,,1.1452105045318604
perft_r_top1of4_r8,eval,,1.1345276832580566
perft_r_top1of4_r8,eval,,1.1278998851776123
perft_r_top1of4_r8,eval,,1.1163935661315918
perft_r_top1of4_r8,eval,,1.1125925779342651
perft_r_top1of4,10,2.7907,
perft_r_top1of4,20,2.2242,
perft_r_top1of4,30,1.58,
perft_r_top1of4,40,1.1869,
perft_r_top1of4,50,1.18,
perft_r_top1of4,60,1.1689,
perft_r_top1of4,70,1.089,
perft_r_top1of4,80,1.1782,
perft_r_top1of4,90,1.1237,
perft_r_top1of4,100,1.0343,
perft_r_top1of4,110,1.1192,
perft_r_top1of4,120,1.0854,
perft_r_top1of4,130,1.1373,
perft_r_top1of4,140,1.0818,
perft_r_top1of4,150,1.1014,
perft_r_top1of4,160,1.0154,
perft_r_top1of4,170,1.0885,
perft_r_top1of4,180,1.0974,
perft_r_top1of4,190,1.0761,
perft_r_top1of4,200,1.1141,
perft_r_top1of4,210,1.1009,
perft_r_top1of4,220,1.0765,
perft_r_top1of4,230,1.0881,
perft_r_top1of4,240,1.0651,
perft_r_top1of4,250,1.0568,
perft_r_top1of4,260,1.0344,
perft_r_top1of4,270,1.1016,
perft_r_top1of4,280,1.1112,
perft_r_top1of4,290,1.0944,
perft_r_top1of4,300,1.1429,
perft_r_top1of4,310,1.1065,
perft_r_top1of4,320,1.1126,
perft_r_top1of4,330,1.0701,
perft_r_top1of4,340,1.0922,
perft_r_top1of4,350,1.0707,
perft_r_top1of4,360,1.1298,
perft_r_top1of4,370,1.0015,
perft_r_top1of4,380,1.1147,
perft_r_top1of4,390,1.0825,
perft_r_top1of4,400,1.1374,
perft_r_top1of4,410,1.076,
perft_r_top1of4,420,1.0925,
perft_r_top1of4,430,1.0936,
perft_r_top1of4,440,1.0652,
perft_r_top1of4,450,1.103,
perft_r_top1of4,460,1.1693,
perft_r_top1of4,470,1.0147,
perft_r_top1of4,480,1.0726,
perft_r_top1of4,490,1.0794,
perft_r_top1of4,500,1.0415,
perft_r_top1of4,eval,,1.142983078956604
perft_r_top1of4,eval,,1.1172016859054565
perft_r_top1of4,eval,,1.1071152687072754
perft_r_top1of4,eval,,1.0997079610824585
perft_r_top1of4,eval,,1.0959769487380981
perft_r_top1of8_r16,10,2.7669,
perft_r_top1of8_r16,20,2.0805,
perft_r_top1of8_r16,30,1.4523,
perft_r_top1of8_r16,40,1.1784,
perft_r_top1of8_r16,50,1.1702,
perft_r_top1of8_r16,60,1.1632,
perft_r_top1of8_r16,70,1.0876,
perft_r_top1of8_r16,80,1.1768,
perft_r_top1of8_r16,90,1.119,
perft_r_top1of8_r16,100,1.0309,
perft_r_top1of8_r16,110,1.1176,
perft_r_top1of8_r16,120,1.0841,
perft_r_top1of8_r16,130,1.1351,
perft_r_top1of8_r16,140,1.0816,
perft_r_top1of8_r16,150,1.1035,
perft_r_top1of8_r16,160,1.0119,
perft_r_top1of8_r16,170,1.0872,
perft_r_top1of8_r16,180,1.1,
perft_r_top1of8_r16,190,1.0745,
perft_r_top1of8_r16,200,1.1146,
perft_r_top1of8_r16,210,1.1015,
perft_r_top1of8_r16,220,1.0788,
perft_r_top1of8_r16,230,1.0894,
perft_r_top1of8_r16,240,1.0678,
perft_r_top1of8_r16,250,1.0598,
perft_r_top1of8_r16,260,1.032,
perft_r_top1of8_r16,270,1.101,
perft_r_top1of8_r16,280,1.1095,
perft_r_top1of8_r16,290,1.0956,
perft_r_top1of8_r16,300,1.1432,
perft_r_top1of8_r16,310,1.1087,
perft_r_top1of8_r16,320,1.1131,
perft_r_top1of8_r16,330,1.0701,
perft_r_top1of8_r16,340,1.0939,
perft_r_top1of8_r16,350,1.072,
perft_r_top1of8_r16,360,1.1306,
perft_r_top1of8_r16,370,1.0022,
perft_r_top1of8_r16,380,1.1124,
perft_r_top1of8_r16,390,1.084,
perft_r_top1of8_r16,400,1.1399,
perft_r_top1of8_r16,410,1.0763,
perft_r_top1of8_r16,420,1.0917,
perft_r_top1of8_r16,430,1.0945,
perft_r_top1of8_r16,440,1.0667,
perft_r_top1of8_r16,450,1.1043,
perft_r_top1of8_r16,460,1.17,
perft_r_top1of8_r16,470,1.0142,
perft_r_top1of8_r16,480,1.0738,
perft_r_top1of8_r16,490,1.08,
perft_r_top1of8_r16,500,1.043,
perft_r_top1of8_r16,eval,,1.140607476234436
perft_r_top1of8_r16,eval,,1.1159149408340454
perft_r_top1of8_r16,eval,,1.1058207750320435
perft_r_top1of8_r16,eval,,1.097623348236084
perft_r_top1of8_r16,eval,,1.0949137210845947
perft_r_top1of8_r32,10,2.8012,
perft_r_top1of8_r32,20,2.2296,
perft_r_top1of8_r32,30,1.582,
perft_r_top1of8_r32,40,1.1971,
perft_r_top1of8_r32,50,1.1897,
perft_r_top1of8_r32,60,1.1796,
perft_r_top1of8_r32,70,1.0962,
perft_r_top1of8_r32,80,1.1823,
perft_r_top1of8_r32,90,1.123,
perft_r_top1of8_r32,100,1.0364,
perft_r_top1of8_r32,110,1.1208,
perft_r_top1of8_r32,120,1.0845,
perft_r_top1of8_r32,130,1.1347,
perft_r_top1of8_r32,140,1.0821,
perft_r_top1of8_r32,150,1.1,
perft_r_top1of8_r32,160,1.0149,
perft_r_top1of8_r32,170,1.0838,
perft_r_top1of8_r32,180,1.0963,
perft_r_top1of8_r32,190,1.0688,
perft_r_top1of8_r32,200,1.1103,
perft_r_top1of8_r32,210,1.0936,
perft_r_top1of8_r32,220,1.0722,
perft_r_top1of8_r32,230,1.0857,
perft_r_top1of8_r32,240,1.0597,
perft_r_top1of8_r32,250,1.054,
perft_r_top1of8_r32,260,1.0303,
perft_r_top1of8_r32,270,1.0936,
perft_r_top1of8_r32,280,1.1031,
perft_r_top1of8_r32,290,1.0882,
perft_r_top1of8_r32,300,1.1332,
perft_r_top1of8_r32,310,1.1033,
perft_r_top1of8_r32,320,1.1078,
perft_r_top1of8_r32,330,1.0625,
perft_r_top1of8_r32,340,1.0844,
perft_r_top1of8_r32,350,1.0662,
perft_r_top1of8_r32,360,1.1265,
perft_r_top1of8_r32,370,0.996,
perft_r_top1of8_r32,380,1.1054,
perft_r_top1of8_r32,390,1.0761,
perft_r_top1of8_r32,400,1.1324,
perft_r_top1of8_r32,410,1.0666,
perft_r_top1of8_r32,420,1.0852,
perft_r_top1of8_r32,430,1.0846,
perft_r_top1of8_r32,440,1.0576,
perft_r_top1of8_r32,450,1.0953,
perft_r_top1of8_r32,460,1.1607,
perft_r_top1of8_r32,470,1.0051,
perft_r_top1of8_r32,480,1.0679,
perft_r_top1of8_r32,490,1.0751,
perft_r_top1of8_r32,500,1.0353,
perft_r_top1of8_r32,eval,,1.1532938480377197
perft_r_top1of8_r32,eval,,1.1150225400924683
perft_r_top1of8_r32,eval,,1.1028568744659424
perft_r_top1of8_r32,eval,,1.094919204711914
perft_r_top1of8_r32,eval,,1.0897806882858276
perft_r_top1of8_r8,10,2.724,
perft_r_top1of8_r8,20,1.9423,
perft_r_top1of8_r8,30,1.3607,
perft_r_top1of8_r8,40,1.1356,
perft_r_top1of8_r8,50,1.1466,
perft_r_top1of8_r8,60,1.1491,
perft_r_top1of8_r8,70,1.0839,
perft_r_top1of8_r8,80,1.1718,
perft_r_top1of8_r8,90,1.1214,
perft_r_top1of8_r8,100,1.0338,
perft_r_top1of8_r8,110,1.1231,
perft_r_top1of8_r8,120,1.0931,
perft_r_top1of8_r8,130,1.1466,
perft_r_top1of8_r8,140,1.0965,
perft_r_top1of8_r8,150,1.1214,
perft_r_top1of8_r8,160,1.0316,
perft_r_top1of8_r8,170,1.1058,
perft_r_top1of8_r8,180,1.1162,
perft_r_top1of8_r8,190,1.1013,
perft_r_top1of8_r8,200,1.1466,
perft_r_top1of8_r8,210,1.128,
perft_r_top1of8_r8,220,1.1098,
perft_r_top1of8_r8,230,1.1149,
perft_r_top1of8_r8,240,1.0951,
perft_r_top1of8_r8,250,1.0827,
perft_r_top1of8_r8,260,1.0607,
perft_r_top1of8_r8,270,1.1306,
perft_r_top1of8_r8,280,1.1408,
perft_r_top1of8_r8,290,1.1234,
perft_r_top1of8_r8,300,1.1714,
perft_r_top1of8_r8,310,1.1319,
perft_r_top1of8_r8,320,1.1414,
perft_r_top1of8_r8,330,1.0918,
perft_r_top1of8_r8,340,1.1304,
perft_r_top1of8_r8,350,1.0969,
perft_r_top1of8_r8,360,1.1601,
perft_r_top1of8_r8,370,1.0272,
perft_r_top1of8_r8,380,1.1427,
perft_r_top1of8_r8,390,1.1014,
perft_r_top1of8_r8,400,1.17,
perft_r_top1of8_r8,410,1.0992,
perft_r_top1of8_r8,420,1.1155,
perft_r_top1of8_r8,430,1.1252,
perft_r_top1of8_r8,440,1.0936,
perft_r_top1of8_r8,450,1.1296,
perft_r_top1of8_r8,460,1.193,
perft_r_top1of8_r8,470,1.0432,
perft_r_top1of8_r8,480,1.0904,
perft_r_top1of8_r8,490,1.1029,
perft_r_top1of8_r8,500,1.0689,
perft_r_top1of8_r8,eval,,1.1461946964263916
perft_r_top1of8_r8,eval,,1.1341807842254639
perft_r_top1of8_r8,eval,,1.125465750694275
perft_r_top1of8_r8,eval,,1.1171070337295532
perft_r_top1of8_r8,eval,,1.1117613315582275
perft_r_top2of4_r16,10,2.7725,
perft_r_top2of4_r16,20,2.0214,
perft_r_top2of4_r16,30,1.4097,
perft_r_top2of4_r16,40,1.1673,
perft_r_top2of4_r16,50,1.1656,
perft_r_top2of4_r16,60,1.1621,
perft_r_top2of4_r16,70,1.0897,
perft_r_top2of4_r16,80,1.1934,
perft_r_top2of4_r16,90,1.1324,
perft_r_top2of4_r16,100,1.0397,
perft_r_top2of4_r16,110,1.1237,
perft_r_top2of4_r16,120,1.0882,
perft_r_top2of4_r16,130,1.141,
perft_r_top2of4_r16,140,1.0905,
perft_r_top2of4_r16,150,1.1128,
perft_r_top2of4_r16,160,1.0233,
perft_r_top2of4_r16,170,1.0954,
perft_r_top2of4_r16,180,1.1052,
perft_r_top2of4_r16,190,1.0843,
perft_r_top2of4_r16,200,1.1234,
perft_r_top2of4_r16,210,1.1105,
perft_r_top2of4_r16,220,1.086,
perft_r_top2of4_r16,230,1.0973,
perft_r_top2of4_r16,240,1.0754,
perft_r_top2of4_r16,250,1.0632,
perft_r_top2of4_r16,260,1.0423,
perft_r_top2of4_r16,270,1.1095,
perft_r_top2of4_r16,280,1.1225,
perft_r_top2of4_r16,290,1.1066,
perft_r_top2of4_r16,300,1.151,
perft_r_top2of4_r16,310,1.1203,
perft_r_top2of4_r16,320,1.1202,
perft_r_top2of4_r16,330,1.0753,
perft_r_top2of4_r16,340,1.1085,
perft_r_top2of4_r16,350,1.0802,
perft_r_top2of4_r16,360,1.1431,
perft_r_top2of4_r16,370,1.0117,
perft_r_top2of4_r16,380,1.1229,
perft_r_top2of4_r16,390,1.091,
perft_r_top2of4_r16,400,1.1517,
perft_r_top2of4_r16,410,1.0856,
perft_r_top2of4_r16,420,1.1009,
perft_r_top2of4_r16,430,1.1078,
perft_r_top2of4_r16,440,1.077,
perft_r_top2of4_r16,450,1.1111,
perft_r_top2of4_r16,460,1.1793,
perft_r_top2of4_r16,470,1.023,
perft_r_top2of4_r16,480,1.0835,
perft_r_top2of4_r16,490,1.0898,
perft_r_top2of4_r16,500,1.0527,
perft_r_top2of4_r16,eval,,1.1474173069000244
perft_r_top2of4_r16,eval,,1.1236342191696167
perft_r_top2of4_r16,eval,,1.114946961402893
perft_r_top2of4_r16,eval,,1.1083322763442993
perft_r_top2of4_r16,eval,,1.1029243469238281
perft_r_top2of4_r32,10,2.7973,
perft_r_top2of4_r32,20,2.2191,
perft_r_top2of4_r32,30,1.5727,
perft_r_top2of4_r32,40,1.2046,
perft_r_top2of4_r32,50,1.1905,
perft_r_top2of4_r32,60,1.1799,
perft_r_top2of4_r32,70,1.0974,
perft_r_top2of4_r32,80,1.1845,
perft_r_top2of4_r32,90,1.1278,
perft_r_top2of4_r32,100,1.039,
perft_r_top2of4_r32,110,1.1264,
perft_r_top2of4_r32,120,1.0873,
perft_r_top2of4_r32,130,1.141,
perft_r_top2of4_r32,140,1.0864,
perft_r_top2of4_r32,150,1.1073,
perft_r_top2of4_r32,160,1.0173,
perft_r_top2of4_r32,170,1.0913,
perft_r_top2of4_r32,180,1.1031,
perft_r_top2of4_r32,190,1.0764,
perft_r_top2of4_r32,200,1.1129,
perft_r_top2of4_r32,210,1.1034,
perft_r_top2of4_r32,220,1.0792,
perft_r_top2of4_r32,230,1.0903,
perft_r_top2of4_r32,240,1.0669,
perft_r_top2of4_r32,250,1.0626,
perft_r_top2of4_r32,260,1.0334,
perft_r_top2of4_r32,270,1.1001,
perft_r_top2of4_r32,280,1.111,
perft_r_top2of4_r32,290,1.0965,
perft_r_top2of4_r32,300,1.1435,
perft_r_top2of4_r32,310,1.1096,
perft_r_top2of4_r32,320,1.1147,
perft_r_top2of4_r32,330,1.0694,
perft_r_top2of4_r32,340,1.091,
perft_r_top2of4_r32,350,1.0715,
perft_r_top2of4_r32,360,1.1335,
perft_r_top2of4_r32,370,1.003,
perft_r_top2of4_r32,380,1.1136,
perft_r_top2of4_r32,390,1.0844,
perft_r_top2of4_r32,400,1.1397,
perft_r_top2of4_r32,410,1.0742,
perft_r_top2of4_r32,420,1.0925,
perft_r_top2of4_r32,430,1.0948,
perft_r_top2of4_r32,440,1.0683,
perft_r_top2of4_r32,450,1.1038,
perft_r_top2of4_r32,460,1.1711,
perft_r_top2of4_r32,470,1.0138,
perft_r_top2of4_r32,480,1.0758,
perft_r_top2of4_r32,490,1.0829,
perft_r_top2of4_r32,500,1.0449,
perft_r_top2of4_r32,eval,,1.1475383043289185
perft_r_top2of4_r32,eval,,1.1194316148757935
perft_r_top2of4_r32,eval,,1.1082168817520142
perft_r_top2of4_r32,eval,,1.1014925241470337
perft_r_top2of4_r32,eval,,1.0972542762756348
perft_r_top2of4_r8,10,2.7053,
perft_r_top2of4_r8,20,1.8006,
perft_r_top2of4_r8,30,1.3296,
perft_r_top2of4_r8,40,1.1407,
perft_r_top2of4_r8,50,1.1542,
perft_r_top2of4_r8,60,1.1562,
perft_r_top2of4_r8,70,1.0874,
perft_r_top2of4_r8,80,1.1831,
perft_r_top2of4_r8,90,1.1281,
perft_r_top2of4_r8,100,1.0474,
perft_r_top2of4_r8,110,1.1326,
perft_r_top2of4_r8,120,1.1039,
perft_r_top2of4_r8,130,1.1555,
perft_r_top2of4_r8,140,1.104,
perft_r_top2of4_r8,150,1.1344,
perft_r_top2of4_r8,160,1.0409,
perft_r_top2of4_r8,170,1.1194,
perft_r_top2of4_r8,180,1.1258,
perft_r_top2of4_r8,190,1.117,
perft_r_top2of4_r8,200,1.1606,
perft_r_top2of4_r8,210,1.1388,
perft_r_top2of4_r8,220,1.1223,
perft_r_top2of4_r8,230,1.1316,
perft_r_top2of4_r8,240,1.111,
perft_r_top2of4_r8,250,1.0922,
perft_r_top2of4_r8,260,1.0669,
perft_r_top2of4_r8,270,1.1438,
perft_r_top2of4_r8,280,1.1501,
perft_r_top2of4_r8,290,1.1308,
perft_r_top2of4_r8,300,1.1801,
perft_r_top2of4_r8,310,1.1509,
perft_r_top2of4_r8,320,1.149,
perft_r_top2of4_r8,330,1.101,
perft_r_top2of4_r8,340,1.1397,
perft_r_top2of4_r8,350,1.1026,
perft_r_top2of4_r8,360,1.1679,
perft_r_top2of4_r8,370,1.0335,
perft_r_top2of4_r8,380,1.1483,
perft_r_top2of4_r8,390,1.109,
perft_r_top2of4_r8,400,1.1783,
perft_r_top2of4_r8,410,1.1154,
perft_r_top2of4_r8,420,1.1231,
perft_r_top2of4_r8,430,1.1402,
perft_r_top2of4_r8,440,1.1068,
perft_r_top2of4_r8,450,1.1432,
perft_r_top2of4_r8,460,1.1979,
perft_r_top2of4_r8,470,1.0563,
perft_r_top2of4_r8,480,1.0955,
perft_r_top2of4_r8,490,1.1149,
perft_r_top2of4_r8,500,1.0772,
perft_r_top2of4_r8,eval,,1.1549056768417358
perft_r_top2of4_r8,eval,,1.1458461284637451
perft_r_top2of4_r8,eval,,1.1348249912261963
perft_r_top2of4_r8,eval,,1.1285934448242188
perft_r_top2of4_r8,eval,,1.1215121746063232
perft_r_top2of4,10,2.7589,
perft_r_top2of4,20,1.9903,
perft_r_top2of4,30,1.4091,
perft_r_top2of4,40,1.1602,
perft_r_top2of4,50,1.1669,
perft_r_top2of4,60,1.1604,
perft_r_top2of4,70,1.0879,
perft_r_top2of4,80,1.1763,
perft_r_top2of4,90,1.1227,
perft_r_top2of4,100,1.0384,
perft_r_top2of4,110,1.1299,
perft_r_top2of4,120,1.1148,
perft_r_top2of4,130,1.1442,
perft_r_top2of4,140,1.09,
perft_r_top2of4,150,1.1133,
perft_r_top2of4,160,1.0199,
perft_r_top2of4,170,1.0959,
perft_r_top2of4,180,1.1039,
perft_r_top2of4,190,1.0852,
perft_r_top2of4,200,1.1265,
perft_r_top2of4,210,1.1102,
perft_r_top2of4,220,1.088,
perft_r_top2of4,230,1.0972,
perft_r_top2of4,240,1.0782,
perft_r_top2of4,250,1.0666,
perft_r_top2of4,260,1.0439,
perft_r_top2of4,270,1.1077,
perft_r_top2of4,280,1.1197,
perft_r_top2of4,290,1.1032,
perft_r_top2of4,300,1.1505,
perft_r_top2of4,310,1.1182,
perft_r_top2of4,320,1.1209,
perft_r_top2of4,330,1.0774,
perft_r_top2of4,340,1.105,
perft_r_top2of4,350,1.0813,
perft_r_top2of4,360,1.1404,
perft_r_top2of4,370,1.0125,
perft_r_top2of4,380,1.1197,
perft_r_top2of4,390,1.0901,
perft_r_top2of4,400,1.1489,
perft_r_top2of4,410,1.0865,
perft_r_top2of4,420,1.0992,
perft_r_top2of4,430,1.1055,
perft_r_top2of4,440,1.0784,
perft_r_top2of4,450,1.116,
perft_r_top2of4,460,1.1768,
perft_r_top2of4,470,1.0277,
perft_r_top2of4,480,1.0805,
perft_r_top2of4,490,1.0892,
perft_r_top2of4,500,1.0515,
perft_r_top2of4,eval,,1.1518338918685913
perft_r_top2of4,eval,,1.1251060962677002
perft_r_top2of4,eval,,1.1140927076339722
perft_r_top2of4,eval,,1.1088929176330566
perft_r_top2of4,eval,,1.1034284830093384
perft_r_top2of8_r16,10,2.7367,
perft_r_top2of8_r16,20,1.8984,
perft_r_top2of8_r16,30,1.3523,
perft_r_top2of8_r16,40,1.149,
perft_r_top2of8_r16,50,1.1537,
perft_r_top2of8_r16,60,1.1578,
perft_r_top2of8_r16,70,1.0873,
perft_r_top2of8_r16,80,1.174,
perft_r_top2of8_r16,90,1.1228,
perft_r_top2of8_r16,100,1.0343,
perft_r_top2of8_r16,110,1.1227,
perft_r_top2of8_r16,120,1.0925,
perft_r_top2of8_r16,130,1.1419,
perft_r_top2of8_r16,140,1.0876,
perft_r_top2of8_r16,150,1.1109,
perft_r_top2of8_r16,160,1.0194,
perft_r_top2of8_r16,170,1.095,
perft_r_top2of8_r16,180,1.105,
perft_r_top2of8_r16,190,1.0843,
perft_r_top2of8_r16,200,1.1217,
perft_r_top2of8_r16,210,1.1122,
perft_r_top2of8_r16,220,1.0876,
perft_r_top2of8_r16,230,1.0966,
perft_r_top2of8_r16,240,1.0767,
perft_r_top2of8_r16,250,1.0673,
perft_r_top2of8_r16,260,1.042,
perft_r_top2of8_r16,270,1.1081,
perft_r_top2of8_r16,280,1.1193,
perft_r_top2of8_r16,290,1.1022,
perft_r_top2of8_r16,300,1.1495,
perft_r_top2of8_r16,310,1.118,
perft_r_top2of8_r16,320,1.12,
perft_r_top2of8_r16,330,1.0762,
perft_r_top2of8_r16,340,1.105,
perft_r_top2of8_r16,350,1.0783,
perft_r_top2of8_r16,360,1.1388,
perft_r_top2of8_r16,370,1.0119,
perft_r_top2of8_r16,380,1.1213,
perft_r_top2of8_r16,390,1.0889,
perft_r_top2of8_r16,400,1.148,
perft_r_top2of8_r16,410,1.0871,
perft_r_top2of8_r16,420,1.0999,
perft_r_top2of8_r16,430,1.1048,
perft_r_top2of8_r16,440,1.077,
perft_r_top2of8_r16,450,1.1112,
perft_r_top2of8_r16,460,1.179,
perft_r_top2of8_r16,470,1.0259,
perft_r_top2of8_r16,480,1.0825,
perft_r_top2of8_r16,490,1.089,
perft_r_top2of8_r16,500,1.0504,
perft_r_top2of8_r16,eval,,1.1452866792678833
perft_r_top2of8_r16,eval,,1.1235393285751343
perft_r_top2of8_r16,eval,,1.1140104532241821
perft_r_top2of8_r16,eval,,1.1082247495651245
perft_r_top2of8_r16,eval,,1.1036397218704224
perft_r_top2of8_r32,10,2.7809,
perft_r_top2of8_r32,20,2.1044,
perft_r_top2of8_r32,30,1.4548,
perft_r_top2of8_r32,40,1.1819,
perft_r_top2of8_r32,50,1.1777,
perft_r_top2of8_r32,60,1.1691,
perft_r_top2of8_r32,70,1.0935,
perft_r_top2of8_r32,80,1.1817,
perft_r_top2of8_r32,90,1.1247,
perft_r_top2of8_r32,100,1.0351,
perft_r_top2of8_r32,110,1.1225,
perft_r_top2of8_r32,120,1.0863,
perft_r_top2of8_r32,130,1.1383,
perft_r_top2of8_r32,140,1.0866,
perft_r_top2of8_r32,150,1.1067,
perft_r_top2of8_r32,160,1.0194,
perft_r_top2of8_r32,170,1.0881,
perft_r_top2of8_r32,180,1.1028,
perft_r_top2of8_r32,190,1.0735,
perft_r_top2of8_r32,200,1.1131,
perft_r_top2of8_r32,210,1.1012,
perft_r_top2of8_r32,220,1.0785,
perft_r_top2of8_r32,230,1.0874,
perft_r_top2of8_r32,240,1.0654,
perft_r_top2of8_r32,250,1.0586,
perft_r_top2of8_r32,260,1.0323,
perft_r_top2of8_r32,270,1.0994,
perft_r_top2of8_r32,280,1.1097,
perft_r_top2of8_r32,290,1.0967,
perft_r_top2of8_r32,300,1.1406,
perft_r_top2of8_r32,310,1.1089,
perft_r_top2of8_r32,320,1.1129,
perft_r_top2of8_r32,330,1.0691,
perft_r_top2of8_r32,340,1.0923,
perft_r_top2of8_r32,350,1.0704,
perft_r_top2of8_r32,360,1.1319,
perft_r_top2of8_r32,370,1.0034,
perft_r_top2of8_r32,380,1.1102,
perft_r_top2of8_r32,390,1.0834,
perft_r_top2of8_r32,400,1.1395,
perft_r_top2of8_r32,410,1.0734,
perft_r_top2of8_r32,420,1.0927,
perft_r_top2of8_r32,430,1.0921,
perft_r_top2of8_r32,440,1.0646,
perft_r_top2of8_r32,450,1.1032,
perft_r_top2of8_r32,460,1.1696,
perft_r_top2of8_r32,470,1.0131,
perft_r_top2of8_r32,480,1.074,
perft_r_top2of8_r32,490,1.081,
perft_r_top2of8_r32,500,1.04,
perft_r_top2of8_r32,eval,,1.1451213359832764
perft_r_top2of8_r32,eval,,1.1207956075668335
perft_r_top2of8_r32,eval,,1.1063761711120605
perft_r_top2of8_r32,eval,,1.0988795757293701
perft_r_top2of8_r32,eval,,1.0948535203933716
perft_r_top2of8_r8,10,2.6778,
perft_r_top2of8_r8,20,1.6919,
perft_r_top2of8_r8,30,1.2987,
perft_r_top2of8_r8,40,1.1272,
perft_r_top2of8_r8,50,1.1426,
perft_r_top2of8_r8,60,1.1462,
perft_r_top2of8_r8,70,1.0808,
perft_r_top2of8_r8,80,1.1758,
perft_r_top2of8_r8,90,1.1243,
perft_r_top2of8_r8,100,1.0388,
perft_r_top2of8_r8,110,1.1311,
perft_r_top2of8_r8,120,1.1012,
perft_r_top2of8_r8,130,1.1552,
perft_r_top2of8_r8,140,1.1062,
perft_r_top2of8_r8,150,1.1326,
perft_r_top2of8_r8,160,1.0338,
perft_r_top2of8_r8,170,1.1168,
perft_r_top2of8_r8,180,1.1285,
perft_r_top2of8_r8,190,1.1162,
perft_r_top2of8_r8,200,1.1599,
perft_r_top2of8_r8,210,1.1461,
perft_r_top2of8_r8,220,1.1275,
perft_r_top2of8_r8,230,1.1291,
perft_r_top2of8_r8,240,1.1161,
perft_r_top2of8_r8,250,1.091,
perft_r_top2of8_r8,260,1.0722,
perft_r_top2of8_r8,270,1.1451,
perft_r_top2of8_r8,280,1.156,
perft_r_top2of8_r8,290,1.1338,
perft_r_top2of8_r8,300,1.1891,
perft_r_top2of8_r8,310,1.1547,
perft_r_top2of8_r8,320,1.1548,
perft_r_top2of8_r8,330,1.1088,
perft_r_top2of8_r8,340,1.1466,
perft_r_top2of8_r8,350,1.1095,
perft_r_top2of8_r8,360,1.1752,
perft_r_top2of8_r8,370,1.0465,
perft_r_top2of8_r8,380,1.1537,
perft_r_top2of8_r8,390,1.1163,
perft_r_top2of8_r8,400,1.1861,
perft_r_top2of8_r8,410,1.1245,
perft_r_top2of8_r8,420,1.1265,
perft_r_top2of8_r8,430,1.1417,
perft_r_top2of8_r8,440,1.1121,
perft_r_top2of8_r8,450,1.1467,
perft_r_top2of8_r8,460,1.2062,
perft_r_top2of8_r8,470,1.0579,
perft_r_top2of8_r8,480,1.1066,
perft_r_top2of8_r8,490,1.1186,
perft_r_top2of8_r8,500,1.0827,
perft_r_top2of8_r8,eval,,1.1495221853256226
perft_r_top2of8_r8,eval,,1.1499813795089722
perft_r_top2of8_r8,eval,,1.1432690620422363
perft_r_top2of8_r8,eval,,1.1365689039230347
perft_r_top2of8_r8,eval,,1.1278096437454224
shared_adapter_r16,10,2.4379,
shared_adapter_r16,20,1.3148,
shared_adapter_r16,30,1.2151,
shared_adapter_r16,40,1.088,
shared_adapter_r16,50,1.1296,
shared_adapter_r16,60,1.1613,
shared_adapter_r16,70,1.1364,
shared_adapter_r16,80,1.2661,
shared_adapter_r16,90,1.2263,
shared_adapter_r16,100,1.1944,
shared_adapter_r16,110,1.3481,
shared_adapter_r16,120,1.282,
shared_adapter_r16,130,1.3804,
shared_adapter_r16,140,1.3036,
shared_adapter_r16,150,1.3338,
shared_adapter_r16,160,1.2176,
shared_adapter_r16,170,1.2948,
shared_adapter_r16,180,1.282,
shared_adapter_r16,190,1.3061,
shared_adapter_r16,200,1.3636,
shared_adapter_r16,210,1.3011,
shared_adapter_r16,220,1.2875,
shared_adapter_r16,230,1.2799,
shared_adapter_r16,240,1.2752,
shared_adapter_r16,250,1.2275,
shared_adapter_r16,260,1.2105,
shared_adapter_r16,270,1.316,
shared_adapter_r16,280,1.2928,
shared_adapter_r16,290,1.2694,
shared_adapter_r16,300,1.3173,
shared_adapter_r16,310,1.2769,
shared_adapter_r16,320,1.266,
shared_adapter_r16,330,1.2264,
shared_adapter_r16,340,1.2746,
shared_adapter_r16,350,1.199,
shared_adapter_r16,360,1.2803,
shared_adapter_r16,370,1.1209,
shared_adapter_r16,380,1.2608,
shared_adapter_r16,390,1.1924,
shared_adapter_r16,400,1.283,
shared_adapter_r16,410,1.2155,
shared_adapter_r16,420,1.2008,
shared_adapter_r16,430,1.2338,
shared_adapter_r16,440,1.1821,
shared_adapter_r16,450,1.2176,
shared_adapter_r16,460,1.2738,
shared_adapter_r16,470,1.1253,
shared_adapter_r16,480,1.1576,
shared_adapter_r16,490,1.1681,
shared_adapter_r16,500,1.1323,
shared_adapter_r16,eval,,1.289896845817566
shared_adapter_r16,eval,,1.2763454914093018
shared_adapter_r16,eval,,1.240304946899414
shared_adapter_r16,eval,,1.1939938068389893
shared_adapter_r16,eval,,1.1641231775283813
shared_adapter_r32,10,2.5208,
shared_adapter_r32,20,1.421,
shared_adapter_r32,30,1.2245,
shared_adapter_r32,40,1.0742,
shared_adapter_r32,50,1.1089,
shared_adapter_r32,60,1.1235,
shared_adapter_r32,70,1.0665,
shared_adapter_r32,80,1.1816,
shared_adapter_r32,90,1.1406,
shared_adapter_r32,100,1.0776,
shared_adapter_r32,110,1.1777,
shared_adapter_r32,120,1.1367,
shared_adapter_r32,130,1.2173,
shared_adapter_r32,140,1.1679,
shared_adapter_r32,150,1.1831,
shared_adapter_r32,160,1.0799,
shared_adapter_r32,170,1.159,
shared_adapter_r32,180,1.1602,
shared_adapter_r32,190,1.17,
shared_adapter_r32,200,1.2155,
shared_adapter_r32,210,1.1921,
shared_adapter_r32,220,1.164,
shared_adapter_r32,230,1.1749,
shared_adapter_r32,240,1.156,
shared_adapter_r32,250,1.1292,
shared_adapter_r32,260,1.1037,
shared_adapter_r32,270,1.1894,
shared_adapter_r32,280,1.1885,
shared_adapter_r32,290,1.1692,
shared_adapter_r32,300,1.2174,
shared_adapter_r32,310,1.1752,
shared_adapter_r32,320,1.1781,
shared_adapter_r32,330,1.1331,
shared_adapter_r32,340,1.1754,
shared_adapter_r32,350,1.1249,
shared_adapter_r32,360,1.1913,
shared_adapter_r32,370,1.0547,
shared_adapter_r32,380,1.1771,
shared_adapter_r32,390,1.1271,
shared_adapter_r32,400,1.2002,
shared_adapter_r32,410,1.1436,
shared_adapter_r32,420,1.1383,
shared_adapter_r32,430,1.1622,
shared_adapter_r32,440,1.1199,
shared_adapter_r32,450,1.1553,
shared_adapter_r32,460,1.2182,
shared_adapter_r32,470,1.0679,
shared_adapter_r32,480,1.1061,
shared_adapter_r32,490,1.1163,
shared_adapter_r32,500,1.0831,
shared_adapter_r32,eval,,1.1756401062011719
shared_adapter_r32,eval,,1.188865065574646
shared_adapter_r32,eval,,1.1581389904022217
shared_adapter_r32,eval,,1.1394057273864746
shared_adapter_r32,eval,,1.1242985725402832
shared_adapter_r8,10,2.3291,
shared_adapter_r8,20,1.2484,
shared_adapter_r8,30,1.2368,
shared_adapter_r8,40,1.1707,
shared_adapter_r8,50,1.2626,
shared_adapter_r8,60,1.3156,
shared_adapter_r8,70,1.3111,
shared_adapter_r8,80,1.5523,
shared_adapter_r8,90,1.7794,
shared_adapter_r8,100,2.6649,
shared_adapter_r8,110,2.8873,
shared_adapter_r8,120,2.3395,
shared_adapter_r8,130,2.0653,
shared_adapter_r8,140,1.7579,
shared_adapter_r8,150,1.7981,
shared_adapter_r8,160,1.5966,
shared_adapter_r8,170,1.6482,
shared_adapter_r8,180,1.5892,
shared_adapter_r8,190,1.6032,
shared_adapter_r8,200,1.6488,
shared_adapter_r8,210,1.538,
shared_adapter_r8,220,1.5427,
shared_adapter_r8,230,1.4962,
shared_adapter_r8,240,1.5176,
shared_adapter_r8,250,1.4466,
shared_adapter_r8,260,1.4233,
shared_adapter_r8,270,1.5301,
shared_adapter_r8,280,1.5066,
shared_adapter_r8,290,1.4658,
shared_adapter_r8,300,1.5074,
shared_adapter_r8,310,1.4612,
shared_adapter_r8,320,1.4309,
shared_adapter_r8,330,1.3868,
shared_adapter_r8,340,1.4488,
shared_adapter_r8,350,1.3414,
shared_adapter_r8,360,1.4239,
shared_adapter_r8,370,1.243,
shared_adapter_r8,380,1.4006,
shared_adapter_r8,390,1.3136,
shared_adapter_r8,400,1.4079,
shared_adapter_r8,410,1.3458,
shared_adapter_r8,420,1.3187,
shared_adapter_r8,430,1.3471,
shared_adapter_r8,440,1.2864,
shared_adapter_r8,450,1.3157,
shared_adapter_r8,460,1.3731,
shared_adapter_r8,470,1.2111,
shared_adapter_r8,480,1.2297,
shared_adapter_r8,490,1.2408,
shared_adapter_r8,500,1.2119,
shared_adapter_r8,eval,,2.633650541305542
shared_adapter_r8,eval,,1.4976978302001953
shared_adapter_r8,eval,,1.3945345878601074
shared_adapter_r8,eval,,1.2993214130401611
shared_adapter_r8,eval,,1.236720323562622
shared_adapter,10,2.433,
shared_adapter,20,1.3091,
shared_adapter,30,1.2193,
shared_adapter,40,1.0962,
shared_adapter,50,1.1434,
shared_adapter,60,1.179,
shared_adapter,70,1.149,
shared_adapter,80,1.2731,
shared_adapter,90,1.2547,
shared_adapter,100,1.2009,
shared_adapter,110,1.3287,
shared_adapter,120,1.261,
shared_adapter,130,1.3219,
shared_adapter,140,1.2825,
shared_adapter,150,1.3381,
shared_adapter,160,1.2069,
shared_adapter,170,1.2899,
shared_adapter,180,1.2763,
shared_adapter,190,1.3002,
shared_adapter,200,1.3485,
shared_adapter,210,1.2956,
shared_adapter,220,1.289,
shared_adapter,230,1.2941,
shared_adapter,240,1.2692,
shared_adapter,250,1.2304,
shared_adapter,260,1.2158,
shared_adapter,270,1.3025,
shared_adapter,280,1.2952,
shared_adapter,290,1.2724,
shared_adapter,300,1.3142,
shared_adapter,310,1.2727,
shared_adapter,320,1.2609,
shared_adapter,330,1.2227,
shared_adapter,340,1.2689,
shared_adapter,350,1.2058,
shared_adapter,360,1.2761,
shared_adapter,370,1.1187,
shared_adapter,380,1.2515,
shared_adapter,390,1.2001,
shared_adapter,400,1.2774,
shared_adapter,410,1.2159,
shared_adapter,420,1.2044,
shared_adapter,430,1.2386,
shared_adapter,440,1.1875,
shared_adapter,450,1.2213,
shared_adapter,460,1.2772,
shared_adapter,470,1.1246,
shared_adapter,480,1.1498,
shared_adapter,490,1.1685,
shared_adapter,500,1.1324,
shared_adapter,eval,,1.2954307794570923
shared_adapter,eval,,1.2718535661697388
shared_adapter,eval,,1.24234139919281
shared_adapter,eval,,1.1983546018600464
shared_adapter,eval,,1.171676516532898
